intercept,coefficient
-8.124280947186136,0.07825904272451072
